Question,Option1,Value1,Option2,Value2,Option3,Value3,Option4,Value4,Option5,Value5,dummy_mapping
1.Is your child the mother 's firstborn?,Yes,1,No,0,NaN,NaN,NaN,NaN,NaN,NaN,
2.Has your child ever been treated with antibiotics?,Yes ,1,No,0,NaN,NaN,NaN,NaN,NaN,NaN,
3.At what age did your child first use antibiotics?,Never used,1,Within 1 year old,0, 1 to 2 years old,0, 3 years old and above ,0,NaN,NaN,
4.Does your child have any history of allergies?,Yes,1,No,0,NaN,NaN,NaN,NaN,NaN,NaN,
5.Does your child have digestive system disorders?,Yes,1,No,0,NaN,NaN,NaN,NaN,NaN,NaN,
6.Does your child have regular lunches?,Yes,1,No,0,NaN,NaN,NaN,NaN,NaN,NaN,
7.Does your child have any food preferences?,No obvious,0,Have much hated food,1,Have much loved food,2,NaN,NaN,NaN,NaN,"No obvious:1,0,0;Have much hated food:0,1,0;Have much loved food:0,0,0"
8.How is your child's self control ability?,Rambunctious,0,Not good at selfcontrol but can accept discipline,0,Good at self control,1,NaN,NaN,NaN,NaN,
9.Do your children lose spirit easily?,Never,0,Rarely,1,Sometimes,2,Often,3,Always,4,"Never:1,0,0,0,0;Rarely:0,1,0,0,0;Sometimes:0,0,1,0,0;Often:0,0,0,0,0;Always:0,0,0,0,0"
10.Does your child have a yellowish complexion and not look as rosy as other children?,Never,0,Rarely,1,Sometimes,2,Often,3,Always,4,"Never:1,0,0,0,0;Rarely:0,1,0,0,0;Sometimes:0,0,1,0,0;Often:0,0,0,0,0;Always:0,0,0,0,0"
11.Is your child's muscles flabby and not as strong as other children's?,Never,0,Rarely,1,Sometimes,2,Often,3,Always,4,"Never:1,0,0,0,0;Rarely:0,1,0,0,0;Sometimes:0,0,1,0,0;Often:0,0,0,0,0;Always:0,0,0,0,0"
12.Is your child always very quiet?,Never,0,Rarely,1,Sometimes,2,Often,3,Always,4,"Never:1,0,0,0,0;Rarely:0,0,0,0,0;Sometimes:0,0,0,0,0;Often:0,0,0,0,0;Always:0,0,0,0,0"
13.Does your child speak weakly or softly?,Never,0,Rarely,1,Sometimes,2,Often,3,Always,4,"Never:1,0,0,0,0;Rarely:0,1,0,0,0;Sometimes:0,0,0,0,0;Often:0,0,0,0,0;Always:0,0,0,0,0"
14.Does your child not like to talk?,Never,0,Rarely,1,Sometimes,2,Often,3,Always,4,"Never:1,0,0,0,0;Rarely:0,0,0,0,0;Sometimes:0,0,0,0,0;Often:0,0,0,0,0;Always:0,0,0,0,0"
15.Does your child sweat easily even with a little activity?,Never,0,Rarely,1,Sometimes,2,Often,3,Always,4,"Never:1,0,0,0,0;Rarely:0,0,0,0,0;Sometimes:0,0,1,0,0;Often:0,0,0,1,0;Always:0,0,0,0,0"
16.Are your child's hands and feet always cold?,Never,0,Rarely,1,Sometimes,2,Often,3,Always,4,"Never:1,0,0,0,0;Rarely:0,1,0,0,0;Sometimes:0,0,1,0,0;Often:0,0,0,0,0;Always:0,0,0,0,0"
17.Is your child tolerant of summer but not winter?,Never,0,Rarely,1,Sometimes,2,Often,3,Always,4,"Never:1,0,0,0,0;Rarely:0,1,0,0,0;Sometimes:0,0,1,0,0;Often:0,0,0,0,0;Always:0,0,0,0,0"
"18.Is your child more sensitive to cold than other children of the same age (for example, afraid of air conditioning, fans, winter, etc.)?",Never,0,Rarely,1,Sometimes,2,Often,3,Always,4,"Never:1,0,0,0,0;Rarely:0,1,0,0,0;Sometimes:0,0,0,0,0;Often:0,0,0,0,0;Always:0,0,0,0,0"
19.Does your child feel uncomfortable or reluctant to eat (or drink) cold things?,Never,0,Rarely,1,Sometimes,2,Often,3,Always,4,"Never:1,0,0,0,0;Rarely:0,1,0,0,0;Sometimes:0,0,0,0,0;Often:0,0,0,0,0;Always:0,0,0,0,0"
20.Does your child often get diarrhea after catching a cold or consuming cold food or drinks?,Never,0,Rarely,1,Sometimes,2,Often,3,Always,4,"Never:1,0,0,0,0;Rarely:0,1,0,0,0;Sometimes:0,0,0,0,0;Often:0,0,0,0,0;Always:0,0,0,0,0"
"21.Does your child often feel hot, especially in the body and face?Does your child often feel hot, especially in the body and face?",Never,0,Rarely,1,Sometimes,2,Often,3,Always,4,"Never:1,0,0,0,0;Rarely:0,1,0,0,0;Sometimes:0,0,1,0,0;Often:0,0,0,0,0;Always:0,0,0,0,0"
22.Does your child¡¯s skin and lips get dry easily?,Never,0,Rarely,1,Sometimes,2,Often,3,Always,4,"Never:1,0,0,0,0;Rarely:0,1,0,0,0;Sometimes:0,0,1,0,0;Often:0,0,0,0,0;Always:0,0,0,0,0"
23.Is your child always very excited?,Never,0,Rarely,1,Sometimes,2,Often,3,Always,4,"Never:1,0,0,0,0;Rarely:0,0,0,0,0;Sometimes:0,0,1,0,0;Often:0,0,0,1,0;Always:0,0,0,0,0"
24.Is your child always very excited?,Never,0,Rarely,1,Sometimes,2,Often,3,Always,4,"Never:1,0,0,0,0;Rarely:0,0,0,0,0;Sometimes:0,0,1,0,0;Often:0,0,0,0,0;Always:0,0,0,0,0"
25.Is your child¡¯s abdomen bloated?,Never,0,Rarely,1,Sometimes,2,Often,3,Always,4,"Never:1,0,0,0,0;Rarely:0,0,0,0,0;Sometimes:0,0,0,0,0;Often:0,0,0,0,0;Always:0,0,0,0,0"
26.Is your child always feeling sleepy?,Never,0,Rarely,1,Sometimes,2,Often,3,Always,4,"Never:1,0,0,0,0;Rarely:0,1,0,0,0;Sometimes:0,0,0,0,0;Often:0,0,0,0,0;Always:0,0,0,0,0"
27.Does your child like to eat sweet or greasy foods?,Never,0,Rarely,1,Sometimes,2,Often,3,Always,4,"Never:1,0,0,0,0;Rarely:0,0,0,0,0;Sometimes:0,0,1,0,0;Often:0,0,0,1,0;Always:0,0,0,0,0"
28.Does your child snore at night?,Never,0,Rarely,1,Sometimes,2,Often,3,Always,4,"Never:1,0,0,0,0;Rarely:0,1,0,0,0;Sometimes:0,0,1,0,0;Often:0,0,0,0,0;Always:0,0,0,0,0"
29.Does your child have a thick coating on their tongue?,Never,0,Rarely,1,Sometimes,2,Often,3,Always,4,"Never:1,0,0,0,0;Rarely:0,1,0,0,0;Sometimes:0,0,1,0,0;Often:0,0,0,0,0;Always:0,0,0,0,0"
30.Does your child often have red eyes or get eye discharge easily?,Never,0,Rarely,1,Sometimes,2,Often,3,Always,4,"Never:1,0,0,0,0;Rarely:0,1,0,0,0;Sometimes:0,0,1,0,0;Often:0,0,0,0,0;Always:0,0,0,0,0"
31.Is your child prone to developing eczema?,Never,0,Rarely,1,Sometimes,2,Often,3,Always,4,"Never:1,0,0,0,0;Rarely:0,1,0,0,0;Sometimes:0,0,0,0,0;Often:0,0,0,0,0;Always:0,0,0,0,0"
32.Does your child like spicy or fried barbecue foods?,Never,0,Rarely,1,Sometimes,2,Often,3,Always,4,"Never:1,0,0,0,0;Rarely:0,0,0,0,0;Sometimes:0,0,0,0,0;Often:0,0,0,0,0;Always:0,0,0,0,0"
33.Is your child's sweat sticky?,Never,0,Rarely,1,Sometimes,2,Often,3,Always,4,"Never:1,0,0,0,0;Rarely:0,1,0,0,0;Sometimes:0,0,1,0,0;Often:0,0,0,0,0;Always:0,0,0,0,0"
34.Does your child often develop bruises on the skin without knowing how they got them?,Never,0,Rarely,1,Sometimes,2,Often,3,Always,4,"Never:1,0,0,0,0;Rarely:0,1,0,0,0;Sometimes:0,0,0,0,0;Often:0,0,0,0,0;Always:0,0,0,0,0"
35.Does your child have any painful areas?,Never,0,Rarely,1,Sometimes,2,Often,3,Always,4,"Never:1,0,0,0,0;Rarely:0,1,0,0,0;Sometimes:0,0,0,0,0;Often:0,0,0,0,0;Always:0,0,0,0,0"
"36.Is the skin on your child's body, or on their neck, armpits, or the crease of their thighs, darker than normal?",Never,0,Rarely,1,Sometimes,2,Often,3,Always,4,"Never:1,0,0,0,0;Rarely:0,1,0,0,0;Sometimes:0,0,0,0,0;Often:0,0,0,0,0;Always:0,0,0,0,0"
37.Does your child easily get dark circles under their eyes?,Never,0,Rarely,1,Sometimes,2,Often,3,Always,4,"Never:1,0,0,0,0;Rarely:0,1,0,0,0;Sometimes:0,0,1,0,0;Often:0,0,0,0,0;Always:0,0,0,0,0"
38.Are your child's gums bluish or darker than normal?,Never,0,Rarely,1,Sometimes,2,Often,3,Always,4,"Never:1,0,0,0,0;Rarely:0,1,0,0,0;Sometimes:0,0,0,0,0;Often:0,0,0,0,0;Always:0,0,0,0,0"
"39.Does your child have rough, fish scale-like skin?",Never,0,Rarely,1,Sometimes,2,Often,3,Always,4,"Never:1,0,0,0,0;Rarely:0,0,0,0,0;Sometimes:0,0,0,0,0;Often:0,0,0,0,0;Always:0,0,0,0,0"
40.Are your child's lips dark or bluish?,Never,0,Rarely,1,Sometimes,2,Often,3,Always,4,"Never:1,0,0,0,0;Rarely:0,1,0,0,0;Sometimes:0,0,0,0,0;Often:0,0,0,0,0;Always:0,0,0,0,0"
41.Is your child always feeling down?,Never,0,Rarely,1,Sometimes,2,Often,3,Always,4,"Never:1,0,0,0,0;Rarely:0,1,0,0,0;Sometimes:0,0,0,0,0;Often:0,0,0,0,0;Always:0,0,0,0,0"
42.Is your child easily anxious or restless?,Never,0,Rarely,1,Sometimes,2,Often,3,Always,4,"Never:1,0,0,0,0;Rarely:0,1,0,0,0;Sometimes:0,0,0,0,0;Often:0,0,0,0,0;Always:0,0,0,0,0"
43.Does your child tend to lack self-confidence?,Never,0,Rarely,1,Sometimes,2,Often,3,Always,4,"Never:1,0,0,0,0;Rarely:0,1,0,0,0;Sometimes:0,0,1,0,0;Often:0,0,0,0,0;Always:0,0,0,0,0"
44.Is your child easily scared or startled?,Never,0,Rarely,1,Sometimes,2,Often,3,Always,4,"Never:1,0,0,0,0;Rarely:0,1,0,0,0;Sometimes:0,0,1,0,0;Often:0,0,0,0,0;Always:0,0,0,0,0"
45.Does your child always cry when facing difficulties?,Never,0,Rarely,1,Sometimes,2,Often,3,Always,4,"Never:1,0,0,0,0;Rarely:0,0,0,0,0;Sometimes:0,0,1,0,0;Often:0,0,1,0,0;Always:0,0,0,0,0"
46.Is your child shy or timid?,Never,0,Rarely,1,Sometimes,2,Often,3,Always,4,"Never:1,0,0,0,0;Rarely:0,0,0,0,0;Sometimes:0,0,1,0,0;Often:0,0,0,0,0;Always:0,0,0,0,0"
47.Is your child always worried about a lot of things?,Never,0,Rarely,1,Sometimes,2,Often,3,Always,4,"Never:1,0,0,0,0;Rarely:0,1,0,0,0;Sometimes:0,0,1,0,0;Often:0,0,0,0,0;Always:0,0,0,0,0"
48.Is your child more attached to you now than before?,Never,0,Rarely,1,Sometimes,2,Often,3,Always,4,"Never:1,0,0,0,0;Rarely:0,0,0,0,0;Sometimes:0,0,1,0,0;Often:0,0,0,0,0;Always:0,0,0,0,0"
49.Does your child sneeze even when they don't have a cold?,Never,0,Rarely,1,Sometimes,2,Often,3,Always,4,"Never:1,0,0,0,0;Rarely:0,1,0,0,0;Sometimes:0,0,0,0,0;Often:0,0,0,0,0;Always:0,0,0,0,0"
50.Does your child have a stuffy nose or runny nose even when they don't have a cold?,Never,0,Rarely,1,Sometimes,2,Often,3,Always,4,"Never:1,0,0,0,0;Rarely:0,1,0,0,0;Sometimes:0,0,0,0,0;Often:0,0,0,0,0;Always:0,0,0,0,0"
"51.Does your child cough or wheeze during seasonal changes, temperature changes, or when smelling unusual odors?",Never,0,Rarely,1,Sometimes,2,Often,3,Always,4,"Never:1,0,0,0,0;Rarely:0,1,0,0,0;Sometimes:0,0,0,0,0;Often:0,0,0,0,0;Always:0,0,0,0,0"
"52.Is your child prone to allergies (to medications, foods, scents, pollen, or during seasonal changes and climate shifts)?",Never,0,Rarely,1,Sometimes,2,Often,3,Always,4,"Never:1,0,0,0,0;Rarely:0,1,0,0,0;Sometimes:0,0,0,0,0;Often:0,0,0,0,0;Always:0,0,0,0,0"
53.Does your child¡¯s skin get itchy or develop hives easily?,Never,0,Rarely,1,Sometimes,2,Often,3,Always,4,"Never:1,0,0,0,0;Rarely:0,1,0,0,0;Sometimes:0,0,0,0,0;Often:0,0,0,0,0;Always:0,0,0,0,0"
54.Has your child's skin ever developed purpura (purplish-red spots or bruises) due to allergies?,Never,0,Rarely,1,Sometimes,2,Often,3,Always,4,"Never:1,0,0,0,0;Rarely:0,0,0,0,0;Sometimes:0,0,0,0,0;Often:0,0,0,0,0;Always:0,0,0,0,0"
55.Does your child's skin turn red and show scratch marks when scratched?,Never,0,Rarely,1,Sometimes,2,Often,3,Always,4,"Never:1,0,0,0,0;Rarely:0,1,0,0,0;Sometimes:0,0,0,0,0;Often:0,0,0,0,0;Always:0,0,0,0,0"
56.Is your child always lively and strong?,Never,0,Rarely,1,Sometimes,2,Often,3,Always,4,"Never:1,0,0,0,0;Rarely:0,0,0,0,0;Sometimes:0,0,0,0,0;Often:0,0,0,0,0;Always:0,0,0,0,0"
57.Can your child adapt to changes in the weather and new environments (such as kindergarten)?,Never,0,Rarely,1,Sometimes,2,Often,3,Always,4,"Never:1,0,0,0,0;Rarely:0,0,0,0,0;Sometimes:0,0,0,0,0;Often:0,0,0,0,0;Always:0,0,0,0,0"
58.Does your child often have nightmares or wake up frightened from dreams?,Never,0,Rarely,1,Sometimes,2,Often,3,Always,4,"Never:1,0,0,0,0;Rarely:0,1,0,0,0;Sometimes:0,0,1,0,0;Often:0,0,0,0,0;Always:0,0,0,0,0"
59.Does your child eat less compared to other children of the same age?,Never,0,Sometimes ,1,Often,2,Always,3,NaN,NaN,"Never:1,0,0,0;Sometimes:0,0,0,0;Often:0,0,1,0;Always:0,0,0,1"
60.Does your child eat more slowly compared to peers?,Never,0,Sometimes ,1,Often,2,Always,3,NaN,NaN,"Never:1,0,0,0;Sometimes:0,0,0,0;Often:0,0,1,0;Always:0,0,0,1"
61.Is your child not interested in food?,Never,0,Sometimes ,1,Often,2,Always,3,NaN,NaN,"Never:1,0,0,0;Sometimes:0,1,0,0;Often:0,0,1,0;Always:0,0,0,0"
62.Has your child refused certain foods for more than a month?,Never,0,Sometimes ,1,Often,2,Always,3,NaN,NaN,"Never:1,0,0,0;Sometimes:0,0,0,0;Often:0,0,1,0;Always:0,0,0,1"
63.Is your child unwilling to try new foods?,Never,0,Sometimes ,1,Often,2,Always,3,NaN,NaN,"Never:1,0,0,0;Sometimes:0,0,0,0;Often:0,0,1,0;Always:0,0,0,0"
64.Strong preference for certain textures or types of food,Never,0,Sometimes ,1,Often,2,Always,3,NaN,NaN,"Never:1,0,0,0;Sometimes:0,0,0,0;Often:0,0,1,0;Always:0,0,0,1"
"65.Is your child distracted during meals (watching TV, playing video games, etc.)?",Never,0,Sometimes ,1,Often,2,Always,3,NaN,NaN,"Never:1,0,0,0;Sometimes:0,0,0,0;Often:0,0,1,0;Always:0,0,0,1"
66.Does your child have an irregular eating schedule?,Never,0,Sometimes ,1,Often,2,Always,3,NaN,NaN,"Never:1,0,0,0;Sometimes:0,0,0,0;Often:0,0,0,0;Always:0,0,0,0"
67.Do you have little emotional exchange when eating with your child?,Never,0,Sometimes ,1,Often,2,Always,3,NaN,NaN,"Never:1,0,0,0;Sometimes:0,1,0,0;Often:0,0,0,0;Always:0,0,0,0"
68.Do you force or punish your child to eat more during meals?,Never,0,Sometimes ,1,Often,2,Always,3,NaN,NaN,"Never:1,0,0,0;Sometimes:0,1,0,0;Often:0,0,1,0;Always:0,0,0,0"
"69.Do you use inducements to get your child to eat during meals (toys, TV, stories, rewards, etc.)?",Never,0,Sometimes ,1,Often,2,Always,3,NaN,NaN,"Never:1,0,0,0;Sometimes:0,1,0,0;Often:0,0,1,0;Always:0,0,0,0"
70.Do you allow children to choose their own food when eating with them?,Never,0,Sometimes ,1,Often,2,Always,3,NaN,NaN,"Never:1,0,0,0;Sometimes:0,0,0,0;Often:0,0,0,0;Always:0,0,0,0"
71.Do you rarely encourage your child to try new foods when eating together?,Never,0,Sometimes ,1,Often,2,Always,3,NaN,NaN,"Never:1,0,0,0;Sometimes:0,0,0,0;Often:0,0,0,0;Always:0,0,0,0"
72.Do you allow children to eat snacks whenever they want?,Never,0,Sometimes ,1,Often,2,Always,3,NaN,NaN,"Never:1,0,0,0;Sometimes:0,0,0,0;Often:0,0,0,0;Always:0,0,0,0"
73.Do you allow children to roam around while eating?,Never,0,Sometimes ,1,Often,2,Always,3,NaN,NaN,"Never:1,0,0,0;Sometimes:0,1,0,0;Often:0,0,0,0;Always:0,0,0,0"
74.What is your child's average mealtime?,<25min,0,25min-45min,1,>45min,2,NaN,NaN,NaN,NaN,"<25min:0,0,0;25min-45min:0,1,0;>45min:0,0,0"
75.Do you think your child has a picky eater problem?,Yes,0,No,1,Unclear,2,NaN,NaN,NaN,NaN,"Yes:1,0,0;No:0,1,0;Unclear:0,0,0"
